problem,temperature_offset_c,radius_scale,drying_time_h,event_residual,role
3,-3.0,0.8,41.60119367107198,0.0,grid
3,-3.0,0.825,44.067344874062755,0.0,grid
3,-3.0,0.85,46.60602111455105,0.0,grid
3,-3.0,0.875,49.21727323155757,0.0,grid
3,-3.0,0.9,51.90118100872521,0.0,grid
3,-3.0,0.925,54.65780986058608,0.0,grid
3,-3.0,0.95,57.48722426780722,0.0,grid
3,-3.0,0.975,60.38948733313377,0.0,grid
3,-3.0,1.0,63.364644115433315,0.0,grid
3,-3.0,1.025,66.41275430440123,0.0,grid
3,-3.0,1.05,69.53390577072135,0.0,grid
3,-3.0,1.075,72.72805757515424,0.0,grid
3,-3.0,1.1,75.99533118479698,0.0,grid
3,-3.0,1.125,79.33574495093407,0.0,grid
3,-3.0,1.15,82.74934178815823,0.0,grid
3,-3.0,1.175,86.23607124988258,0.0,grid
3,-3.0,1.2,89.79594297962741,0.0,grid
3,-2.5,0.8,40.95273207298277,0.0,grid
3,-2.5,0.825,43.37553782165466,0.0,grid
3,-2.5,0.85,45.86947119545038,0.0,grid
3,-2.5,0.875,48.43460575084239,0.0,grid
3,-2.5,0.9,51.070990941011054,0.0,grid
3,-2.5,0.925,53.778721776229226,0.0,grid
3,-2.5,0.95,56.55784378467206,0.0,grid
3,-2.5,0.975,59.40841905543311,0.0,grid
3,-2.5,1.0,62.330497873378775,2.7755575615628914e-17,grid
3,-2.5,1.025,65.32414393151299,0.0,grid
3,-2.5,1.05,68.38937703489006,2.7755575615628914e-17,grid
3,-2.5,1.075,71.52634431763994,0.0,grid
3,-2.5,1.1,74.73489953160173,0.0,grid
3,-2.5,1.125,78.01515298527293,0.0,grid
3,-2.5,1.15,81.36735858323551,0.0,grid
3,-2.5,1.175,84.79132317259501,0.0,grid
3,-2.5,1.2,88.28706559467851,0.0,grid
3,-2.0,0.8,40.31886563410245,0.0,grid
3,-2.0,0.825,42.6992827756277,0.0,grid
3,-2.0,0.85,45.14946990238368,0.0,grid
3,-2.0,0.875,47.669501894175426,0.0,grid
3,-2.0,0.9,50.25942979683786,0.0,grid
3,-2.0,0.925,52.919336969038305,0.0,grid
3,-2.0,0.95,55.649274487635296,0.0,grid
3,-2.0,0.975,58.44929911831048,0.0,grid
3,-2.0,1.0,61.319473264428524,0.0,grid
3,-2.0,1.025,64.25983931995044,0.0,grid
3,-2.0,1.05,67.270450887153,0.0,grid
3,-2.0,1.075,70.35135500443675,0.0,grid
3,-2.0,1.1,73.50261634156797,0.0,grid
3,-2.0,1.125,76.72424792763339,0.0,grid
3,-2.0,1.15,80.01630942177738,0.0,grid
3,-2.0,1.175,83.37877193659726,0.0,grid
3,-2.0,1.2,86.81168806717334,0.0,grid
3,-1.5,0.8,39.699236576994494,0.0,grid
3,-1.5,0.825,42.03820255497775,0.0,grid
3,-1.5,0.85,44.4456159140584,0.0,grid
3,-1.5,0.875,46.92153623710625,0.0,grid
3,-1.5,0.9,49.46602293147377,0.0,grid
3,-1.5,0.925,52.07916473993377,0.0,grid
3,-1.5,0.95,54.76099910834277,0.0,grid
3,-1.5,0.975,57.51159506782891,0.0,grid
3,-1.5,1.0,60.33100377098003,0.0,grid
3,-1.5,1.025,63.21927161921972,0.0,grid
3,-1.5,1.05,66.17646338421228,0.0,grid
3,-1.5,1.075,69.20258259995525,0.0,grid
3,-1.5,1.1,72.29772866463856,0.0,grid
3,-1.5,1.125,75.46193147659761,0.0,grid
3,-1.5,1.15,78.69519875291279,0.0,grid
3,-1.5,1.175,81.99759243478816,0.0,grid
3,-1.5,1.2,85.36913437812494,0.0,grid
3,-1.0,0.8,39.09349516542653,0.0,grid
3,-1.0,0.825,41.391925275718584,0.0,grid
3,-1.0,0.85,43.757502144084874,0.0,grid
3,-1.0,0.875,46.190286018864796,0.0,grid
3,-1.0,0.9,48.69033865898848,0.0,grid
3,-1.0,0.925,51.25773778207345,0.0,grid
3,-1.0,0.95,53.89252979715424,0.0,grid
3,-1.0,0.975,56.59477771950661,0.0,grid
3,-1.0,1.0,59.364552217775305,0.0,grid
3,-1.0,1.025,62.201853649023164,2.7755575615628914e-17,grid
3,-1.0,1.05,65.10677691299415,0.0,grid
3,-1.0,1.075,68.0793517477788,0.0,grid
3,-1.0,1.1,71.11963076547563,0.0,grid
3,-1.0,1.125,74.22765142981216,0.0,grid
3,-1.0,1.15,77.4034379384718,0.0,grid
3,-1.0,1.175,80.64700912554764,0.0,grid
3,-1.0,1.2,83.95842562865948,0.0,grid
3,-0.5,0.8,38.50130309639712,0.0,grid
3,-0.5,0.825,40.76008948146523,0.0,grid
3,-0.5,0.85,43.08475126974319,0.0,grid
3,-0.5,0.875,45.47534724958281,0.0,grid
3,-0.5,0.9,47.93193438037037,0.0,grid
3,-0.5,0.925,50.454595729191496,0.0,grid
3,-0.5,0.95,53.043379838988045,0.0,grid
3,-0.5,0.975,55.698342941042945,0.0,grid
3,-0.5,1.0,58.41954222752243,0.0,grid
3,-0.5,1.025,61.20701723137135,0.0,grid
3,-0.5,1.05,64.06082334455274,0.0,grid
3,-0.5,1.075,66.98100658828923,0.0,grid
3,-0.5,1.1,69.96760672781507,0.0,grid
3,-0.5,1.125,73.02065509101186,0.0,grid
3,-0.5,1.15,76.14023758652522,0.0,grid
3,-0.5,1.175,79.32630925408805,0.0,grid
3,-0.5,1.2,82.57893657078168,0.0,grid
3,0.0,0.8,37.92233098975914,0.0,grid
3,0.0,0.825,40.14234621345074,0.0,grid
3,0.0,0.85,42.4269864235579,0.0,grid
3,0.0,0.875,44.776322858018176,0.0,grid
3,0.0,0.9,47.19039974914707,0.0,grid
3,0.0,0.925,49.669310221031864,0.0,grid
3,0.0,0.95,52.21308709090217,0.0,grid
3,0.0,0.975,54.82179312670496,0.0,grid
3,0.0,1.0,57.49549929022373,0.0,grid
3,0.0,1.025,60.23423008137546,0.0,grid
3,0.0,1.05,63.03802442156916,0.0,grid
3,0.0,1.075,65.90694923255555,0.0,grid
3,0.0,1.1,68.84105769970809,0.0,grid
3,0.0,1.125,71.84034677106246,0.0,grid
3,0.0,1.15,74.9049237702409,0.0,grid
3,0.0,1.175,78.03479186127026,0.0,grid
3,0.0,1.2,81.2299067012485,0.0,grid
3,0.5,0.8,37.356258613091214,0.0,grid
3,0.5,0.825,39.53834711257104,0.0,grid
3,0.5,0.85,41.78384735047394,0.0,grid
3,0.5,0.875,44.09281905374169,0.0,grid
3,0.5,0.9,46.46531958571219,0.0,grid
3,0.5,0.925,48.90142577408492,0.0,grid
3,0.5,0.95,51.401184402947585,0.0,grid
3,0.5,0.975,53.96464392073123,0.0,grid
3,0.5,1.0,56.59187581887881,0.0,grid
3,0.5,1.025,59.28292506925722,0.0,grid
3,0.5,1.05,62.03780931064789,2.7755575615628914e-17,grid
3,0.5,1.075,64.85659689872121,0.0,grid
3,0.5,1.1,67.73931900292769,0.0,grid
3,0.5,1.125,70.68606627114495,0.0,grid
3,0.5,1.15,73.69679783805121,0.0,grid
3,0.5,1.175,76.77167326356496,0.0,grid
3,0.5,1.2,79.91044733671872,0.0,grid
3,1.0,0.8,36.802771541094465,0.0,grid
3,1.0,0.825,38.94776329812574,0.0,grid
3,1.0,0.85,41.15497774019756,0.0,grid
3,1.0,0.875,43.42446586836828,0.0,grid
3,1.0,0.9,45.75629335257825,0.0,grid
3,1.0,0.925,48.15053253427178,0.0,grid
3,1.0,0.95,50.60722136124985,0.0,grid
3,1.0,0.975,53.12642935865199,0.0,grid
3,1.0,1.0,55.708204367894304,0.0,grid
3,1.0,1.025,58.35258909564729,0.0,grid
3,1.0,1.05,61.05963617781728,0.0,grid
3,1.0,1.075,63.829377193508556,0.0,grid
3,1.0,1.1,66.66185678118484,0.0,grid
3,1.0,1.125,69.55715253714911,0.0,grid
3,1.0,1.15,72.51525648336259,0.0,grid
3,1.0,1.175,75.53623005227497,0.0,grid
3,1.0,1.2,78.62006506961079,0.0,grid
3,1.5,0.8,36.261564764157505,0.0,grid
3,1.5,0.825,38.37027285739715,0.0,grid
3,1.5,0.85,40.540029018444315,0.0,grid
3,1.5,0.875,42.77090284954508,0.0,grid
3,1.5,0.9,45.062937654436915,0.0,grid
3,1.5,0.925,47.416214323109024,0.0,grid
3,1.5,0.95,49.83078060315572,0.0,grid
3,1.5,0.975,52.30668716100152,0.0,grid
3,1.5,1.0,54.84399175759091,0.0,grid
3,1.5,1.025,57.44274882012845,0.0,grid
3,1.5,1.05,60.10297087146261,0.0,grid
3,1.5,1.075,62.82472882285849,0.0,grid
3,1.5,1.1,65.60805223780022,0.0,grid
3,1.5,1.125,68.45298891503148,0.0,grid
3,1.5,1.15,71.35959439710982,0.0,grid
3,1.5,1.175,74.32790690878716,0.0,grid
3,1.5,1.2,77.35793624224887,0.0,grid
3,2.0,0.8,35.73234560887485,0.0,grid
3,2.0,0.825,37.80555012226309,0.0,grid
3,2.0,0.85,39.9386718733396,0.0,grid
3,2.0,0.875,42.13176290345714,0.0,grid
3,2.0,0.9,44.384871380379046,0.0,grid
3,2.0,0.925,46.69807837262459,0.0,grid
3,2.0,0.95,49.071433266111555,0.0,grid
3,2.0,0.975,51.50497494293027,0.0,grid
3,2.0,1.0,53.99877498070853,0.0,grid
3,2.0,1.025,56.55286228761702,0.0,grid
3,2.0,1.05,59.16729696467056,0.0,grid
3,2.0,1.075,61.842108040888505,0.0,grid
3,2.0,1.1,64.57733611481225,2.7755575615628914e-17,grid
3,2.0,1.125,67.37302986773892,0.0,grid
3,2.0,1.15,70.22928120541361,0.0,grid
3,2.0,1.175,73.14600371458744,0.0,grid
3,2.0,1.2,76.12332286944458,0.0,grid
3,2.5,0.8,35.214822049611946,0.0,grid
3,2.5,0.825,37.25330567767776,0.0,grid
3,2.5,0.85,39.350577120797354,0.0,grid
3,2.5,0.875,41.50670637773414,0.0,grid
3,2.5,0.9,43.721735116510196,0.0,grid
3,2.5,0.925,45.9957337986125,0.0,grid
3,2.5,0.95,48.3287578364129,0.0,grid
3,2.5,0.975,50.72085832123559,0.0,grid
3,2.5,1.0,53.172089354362505,0.0,grid
3,2.5,1.025,55.68248731579094,0.0,grid
3,2.5,1.05,58.25210928708614,0.0,grid
3,2.5,1.075,60.88098410890607,0.0,grid
3,2.5,1.1,63.56915482485174,0.0,grid
3,2.5,1.125,66.3166675974756,0.0,grid
3,2.5,1.15,69.12363471741149,0.0,grid
3,2.5,1.175,71.9899075456837,0.0,grid
3,2.5,1.2,74.91569332254315,0.0,grid
3,3.0,0.8,34.708716460059726,0.0,grid
3,3.0,0.825,36.71322293523196,0.0,grid
3,3.0,0.85,38.77542631048835,0.0,grid
3,3.0,0.875,40.89539061208449,0.0,grid
3,3.0,0.9,43.073158448282925,0.0,grid
3,3.0,0.925,45.30880322153546,0.0,grid
3,3.0,0.95,47.60236804059971,2.7755575615628914e-17,grid
3,3.0,0.975,49.95391698331409,0.0,grid
3,3.0,1.0,52.363494895861955,0.0,grid
3,3.0,1.025,54.831142151354214,0.0,grid
3,3.0,1.05,57.35691743884275,0.0,grid
3,3.0,1.075,59.94084426615548,0.0,grid
3,3.0,1.1,62.58296536810555,0.0,grid
3,3.0,1.125,65.28333332119298,0.0,grid
3,3.0,1.15,68.041998692829,0.0,grid
3,3.0,1.175,70.85897975728678,0.0,grid
3,3.0,1.2,73.73437252428755,0.0,grid
4,-3.0,0.8,37.62838610500041,2.7755575615628914e-17,grid
4,-3.0,0.825,39.73143824162163,0.0,grid
4,-3.0,0.85,41.89812025718773,0.0,grid
4,-3.0,0.875,44.128399341411125,0.0,grid
4,-3.0,0.9,46.42230092240478,0.0,grid
4,-3.0,0.925,48.779846997988734,0.0,grid
4,-3.0,0.95,51.201055948902905,0.0,grid
4,-3.0,0.975,53.685905005532426,0.0,grid
4,-3.0,1.0,56.2344419529273,0.0,grid
4,-3.0,1.025,58.84483246004385,0.0,grid
4,-3.0,1.05,61.51625656246762,0.0,grid
4,-3.0,1.075,64.25131918140866,0.0,grid
4,-3.0,1.1,67.0494709992101,0.0,grid
4,-3.0,1.125,69.90697172810992,0.0,grid
4,-3.0,1.15,72.82798483039053,0.0,grid
4,-3.0,1.175,75.81252923003997,0.0,grid
4,-3.0,1.2,78.86057619247227,0.0,grid
4,-2.5,0.8,37.061938834000806,0.0,grid
4,-2.5,0.825,39.126895960268165,0.0,grid
4,-2.5,0.85,41.254269662589806,0.0,grid
4,-2.5,0.875,43.444043872552896,0.0,grid
4,-2.5,0.9,45.696239155277695,0.0,grid
4,-2.5,0.925,48.010876225876395,0.0,grid
4,-2.5,0.95,50.38797391625371,0.0,grid
4,-2.5,0.975,52.82751740067119,0.0,grid
4,-2.5,1.0,55.32954027501032,0.0,grid
4,-2.5,1.025,57.89378059981727,0.0,grid
4,-2.5,1.05,60.51641091372973,0.0,grid
4,-2.5,1.075,63.2014390116971,0.0,grid
4,-2.5,1.1,65.94887944247061,0.0,grid
4,-2.5,1.125,68.75539251578475,0.0,grid
4,-2.5,1.15,71.62287217006521,2.7755575615628914e-17,grid
4,-2.5,1.175,74.5526990571016,0.0,grid
4,-2.5,1.2,77.54485658453619,0.0,grid
4,-2.0,0.8,36.50806073065314,0.0,grid
4,-2.0,0.825,38.53575259445637,0.0,grid
4,-2.0,0.85,40.6246839270397,0.0,grid
4,-2.0,0.875,42.77484078142308,0.0,grid
4,-2.0,0.9,44.986243802345136,2.7755575615628914e-17,grid
4,-2.0,0.925,47.25891423962719,2.7755575615628914e-17,grid
4,-2.0,0.95,49.59286479330789,0.0,grid
4,-2.0,0.975,51.98808728121984,2.7755575615628914e-17,grid
4,-2.0,1.0,54.44461964292292,0.0,grid
4,-2.0,1.025,56.96244878838652,2.7755575615628914e-17,grid
4,-2.0,1.05,59.53861159396068,0.0,grid
4,-2.0,1.075,62.174709115551,0.0,grid
4,-2.0,1.1,64.87204933698477,0.0,grid
4,-2.0,1.125,67.62916235253174,0.0,grid
4,-2.0,1.15,70.44432259249845,0.0,grid
4,-2.0,1.175,73.32060660689662,0.0,grid
4,-2.0,1.2,76.25808516036528,0.0,grid
4,-1.5,0.8,35.966442755390986,0.0,grid
4,-1.5,0.825,37.957688737923064,0.0,grid
4,-1.5,0.85,40.00902136820666,0.0,grid
4,-1.5,0.875,42.12042542418087,0.0,grid
4,-1.5,0.9,44.29192604286365,2.7755575615628914e-17,grid
4,-1.5,0.925,46.523538655024936,2.7755575615628914e-17,grid
4,-1.5,0.95,48.81528974234777,0.0,grid
4,-1.5,0.975,51.16715523085175,0.0,grid
4,-1.5,1.0,53.57918872954828,0.0,grid
4,-1.5,1.025,56.05136666899104,0.0,grid
4,-1.5,1.05,58.58232818533234,0.0,grid
4,-1.5,1.075,61.170570874328234,0.0,grid
4,-1.5,1.1,63.81888772325643,0.0,grid
4,-1.5,1.125,66.52731006009681,0.0,grid
4,-1.5,1.15,69.29162944900023,2.7755575615628914e-17,grid
4,-1.5,1.175,72.11556635843414,0.0,grid
4,-1.5,1.2,74.9995348992308,0.0,grid
4,-1.0,0.8,35.436793547927856,0.0,grid
4,-1.0,0.825,37.39238563804499,0.0,grid
4,-1.0,0.85,39.40693385849459,0.0,grid
4,-1.0,0.875,41.48043612566287,0.0,grid
4,-1.0,0.9,43.61290075802134,0.0,grid
4,-1.0,0.925,45.80435503033044,0.0,grid
4,-1.0,0.95,48.05481691506096,0.0,grid
4,-1.0,0.975,50.36427403594058,0.0,grid
4,-1.0,1.0,52.73277319852036,0.0,grid
4,-1.0,1.025,55.160292203839546,0.0,grid
4,-1.0,1.05,57.646823047554726,0.0,grid
4,-1.0,1.075,60.188434212694254,0.0,grid
4,-1.0,1.1,62.7888155554846,2.7755575615628914e-17,grid
4,-1.0,1.125,65.44816126115529,0.0,grid
4,-1.0,1.15,68.1641590760039,0.0,grid
4,-1.0,1.175,70.93688840208715,0.0,grid
4,-1.0,1.2,73.76852995023454,0.0,grid
4,-0.5,0.8,34.91880677431751,0.0,grid
4,-0.5,0.825,36.83953359720249,0.0,grid
4,-0.5,0.85,38.81810812026064,2.7755575615628914e-17,grid
4,-0.5,0.875,40.854517745526614,0.0,grid
4,-0.5,0.9,42.9487990451506,0.0,grid
4,-0.5,0.925,45.10096828844244,0.0,grid
4,-0.5,0.95,47.31103533706839,2.7755575615628914e-17,grid
4,-0.5,0.975,49.57900788780767,2.7755575615628914e-17,grid
4,-0.5,1.0,51.90491267130679,0.0,grid
4,-0.5,1.025,54.28874338424297,2.7755575615628914e-17,grid
4,-0.5,1.05,56.73052058257204,0.0,grid
4,-0.5,1.075,59.227820925717474,0.0,grid
4,-0.5,1.1,61.781281136374254,0.0,grid
4,-0.5,1.125,64.39261657352593,0.0,grid
4,-0.5,1.15,67.06135602778271,0.0,grid
4,-0.5,1.175,69.78399266995845,0.0,grid
4,-0.5,1.2,72.56441723045575,0.0,grid
4,0.0,0.8,34.411675457470245,0.0,grid
4,0.0,0.825,36.29883390982218,0.0,grid
4,0.0,0.85,38.242211341188536,0.0,grid
4,0.0,0.875,40.24234050117912,0.0,grid
4,0.0,0.9,42.29926677520356,0.0,grid
4,0.0,0.925,44.41299344434738,0.0,grid
4,0.0,0.95,46.58355147424909,0.0,grid
4,0.0,0.975,48.81092614854551,2.7755575615628914e-17,grid
4,0.0,1.0,51.09516234615482,0.0,grid
4,0.0,1.025,53.43624669417227,0.0,grid
4,0.0,1.05,55.83419873697571,0.0,grid
4,0.0,1.075,58.288159714164195,2.7755575615628914e-17,grid
4,0.0,1.1,60.795747146647564,0.0,grid
4,0.0,1.125,63.360117288621694,0.0,grid
4,0.0,1.15,65.98131530379422,0.0,grid
4,0.0,1.175,68.65620324803545,2.7755575615628914e-17,grid
4,0.0,1.2,71.3864997566646,2.7755575615628914e-17,grid
4,0.5,0.8,33.91538492389019,0.0,grid
4,0.5,0.825,35.769994331790436,0.0,grid
4,0.5,0.85,37.678928691112375,2.7755575615628914e-17,grid
4,0.5,0.875,39.64357197425816,2.7755575615628914e-17,grid
4,0.5,0.9,41.66393897298998,0.0,grid
4,0.5,0.925,43.74006398887018,0.0,grid
4,0.5,0.95,45.871955724017255,2.7755575615628914e-17,grid
4,0.5,0.975,48.059617638496576,0.0,grid
4,0.5,1.0,50.30308518760263,0.0,grid
4,0.5,1.025,52.60234356563131,0.0,grid
4,0.5,1.05,54.957422616939446,0.0,grid
4,0.5,1.075,57.36834841414345,0.0,grid
4,0.5,1.1,59.8316440830847,0.0,grid
4,0.5,1.125,62.35005852665401,0.0,grid
4,0.5,1.15,64.92427946782304,0.0,grid
4,0.5,1.175,67.5529353281416,2.7755575615628914e-17,grid
4,0.5,1.2,70.2342019246089,0.0,grid
4,1.0,0.8,33.4299681500682,0.0,grid
4,1.0,0.825,35.25272829502862,0.0,grid
4,1.0,0.85,37.127973199797566,0.0,grid
4,1.0,0.875,39.05788154148509,0.0,grid
4,1.0,0.9,41.04249123933073,0.0,grid
4,1.0,0.925,43.08181745920872,0.0,grid
4,1.0,0.95,45.17588388369273,2.7755575615628914e-17,grid
4,1.0,0.975,47.32468343608547,0.0,grid
4,1.0,1.0,49.528254833828896,0.0,grid
4,1.0,1.025,51.78658923225491,0.0,grid
4,1.0,1.05,54.09971004894659,2.7755575615628914e-17,grid
4,1.0,1.075,56.46764993741937,0.0,grid
4,1.0,1.1,58.88852416807453,0.0,grid
4,1.0,1.125,61.361948131009065,0.0,grid
4,1.0,1.15,63.890150752264624,0.0,grid
4,1.0,1.175,66.47312640777915,0.0,grid
4,1.0,1.2,69.10689235806359,0.0,grid
4,1.5,0.8,32.95516321490891,0.0,grid
4,1.5,0.825,34.74665094957082,0.0,grid
4,1.5,0.85,36.589034282682334,0.0,grid
4,1.5,0.875,38.48496635263601,0.0,grid
4,1.5,0.9,40.43458073066093,2.7755575615628914e-17,grid
4,1.5,0.925,42.43790061765977,0.0,grid
4,1.5,0.95,44.49495210500901,0.0,grid
4,1.5,0.975,46.60572596764488,0.0,grid
4,1.5,1.0,48.77025980248729,0.0,grid
4,1.5,1.025,50.988545722722414,0.0,grid
4,1.5,1.05,53.26061268407158,0.0,grid
4,1.5,1.075,55.586489296633836,0.0,grid
4,1.5,1.1,57.96581007572729,0.0,grid
4,1.5,1.125,60.39525447006236,2.7755575615628914e-17,grid
4,1.5,1.15,62.87844809748274,0.0,grid
4,1.5,1.175,65.41537137677571,0.0,grid
4,1.5,1.2,68.0039909290363,0.0,grid
4,2.0,0.8,32.490718512437915,0.0,grid
4,2.0,0.825,34.25098587498722,2.7755575615628914e-17,grid
4,2.0,0.85,36.061834827143294,0.0,grid
4,2.0,0.875,37.92451368501812,0.0,grid
4,2.0,0.9,39.83988685039016,0.0,grid
4,2.0,0.925,41.807976429125766,0.0,grid
4,2.0,0.95,43.82880747102223,0.0,grid
4,2.0,0.975,45.90236295948863,0.0,grid
4,2.0,1.0,48.02869825812419,0.0,grid
4,2.0,1.025,50.207797913335625,2.7755575615628914e-17,grid
4,2.0,1.05,52.43968363880428,0.0,grid
4,2.0,1.075,54.72439247172148,0.0,grid
4,2.0,1.1,57.061925895533385,0.0,grid
4,2.0,1.125,59.44942917742003,0.0,grid
4,2.0,1.15,61.88857296986875,0.0,grid
4,2.0,1.175,64.38046802389782,2.7755575615628914e-17,grid
4,2.0,1.2,66.9248353942362,0.0,grid
4,2.5,0.8,32.03637779397231,0.0,grid
4,2.5,0.825,33.76600082965496,0.0,grid
4,2.5,0.85,35.546089642659574,2.7755575615628914e-17,grid
4,2.5,0.875,37.37623310318777,0.0,grid
4,2.5,0.9,39.25809519852891,0.0,grid
4,2.5,0.925,41.1917105877672,2.7755575615628914e-17,grid
4,2.5,0.95,43.17708481967062,0.0,grid
4,2.5,0.975,45.21423055845836,0.0,grid
4,2.5,1.0,47.30318147479947,0.0,grid
4,2.5,1.025,49.443923945057016,0.0,grid
4,2.5,1.05,51.63649168617642,2.7755575615628914e-17,grid
4,2.5,1.075,53.8809109010371,2.7755575615628914e-17,grid
4,2.5,1.1,56.177191236655666,0.0,grid
4,2.5,1.125,58.52402230788083,2.7755575615628914e-17,grid
4,2.5,1.15,60.92004089093027,0.0,grid
4,2.5,1.175,63.3678789398117,0.0,grid
4,2.5,1.2,65.86748416261062,0.0,grid
4,3.0,0.8,31.591913423398267,0.0,grid
4,3.0,0.825,33.291544882633524,0.0,grid
4,3.0,0.85,35.04153134463854,0.0,grid
4,3.0,0.875,36.8398307849609,0.0,grid
4,3.0,0.9,38.688900157732064,2.7755575615628914e-17,grid
4,3.0,0.925,40.58877183343618,0.0,grid
4,3.0,0.95,42.53945932559511,0.0,grid
4,3.0,0.975,44.54096141635598,0.0,grid
4,3.0,1.0,46.59332071988661,0.0,grid
4,3.0,1.025,48.69653020942227,0.0,grid
4,3.0,1.05,50.85061469075043,0.0,grid
4,3.0,1.075,53.05560522798762,0.0,grid
4,3.0,1.1,55.31150416751223,0.0,grid
4,3.0,1.125,57.618280661803674,0.0,grid
4,3.0,1.15,59.97234587912527,0.0,grid
4,3.0,1.175,62.377023629685276,0.0,grid
4,3.0,1.2,64.83255932437316,0.0,grid
3,-2.75,0.8125,42.48831722491477,0.0,validation
3,-2.75,1.0125,64.34598210095066,0.0,validation
3,-2.75,1.1875,87.26446055700865,0.0,validation
3,0.25,0.8125,38.73017398198344,0.0,validation
3,0.25,1.0125,58.390481774407526,0.0,validation
3,0.25,1.1875,78.9749647178897,0.0,validation
3,2.75,0.8125,35.963781123471335,0.0,validation
3,2.75,1.0125,54.00268251569611,0.0,validation
3,2.75,1.1875,72.86420113977888,0.0,validation
4,-2.75,0.8125,38.37765005318723,0.0,validation
4,-2.75,1.0125,57.06569282202131,2.7755575615628914e-17,validation
4,-2.75,1.1875,76.6812099848488,2.7755575615628914e-17,validation
4,0.25,0.8125,35.09101927017066,0.0,validation
4,0.25,1.0125,51.84992832509387,0.0,validation
4,0.25,1.1875,69.44734254940367,0.0,validation
4,2.75,0.8125,32.66379311467841,0.0,validation
4,2.75,1.0125,48.00084258730423,0.0,validation
4,2.75,1.1875,64.10206359124791,0.0,validation
